{"theta0": 8429.605282801294, "theta1": -0.02078329759894042}