{"theta0": 8216.625168348019, "theta1": -0.018757797188902144}